{
    "5": 0.9674981103552532,
    "7": 0.5025520219866509,
    "3": 1.6819973718791064,
    "6": 1.1398040961709706,
    "4": 0.9123307198859587,
    "2": 0.8290155440414507,
    "0": 0.7403123192596877,
    "9": 1.0047095761381475,
    "8": 4.25249169435216,
    "1": 1.610062893081761
}